{"method": "mahattan_distance", "1": 0.7658959537572254, "2": 0.7427745664739884, "3": 0.884393063583815, "4": 0.869942196531792, "5": 0.9190751445086706, "6": 0.9277456647398844, "7": 0.9450867052023122, "8": 0.9161849710982659, "9": 0.9364161849710982, "10": 0.9248554913294798, "11": 0.9335260115606936, "12": 0.9277456647398844, "13": 0.930635838150289, "14": 0.9132947976878613, "15": 0.9132947976878613, "16": 0.9104046242774566, "17": 0.9046242774566474, "18": 0.9017341040462428, "19": 0.8988439306358381, "20": 0.9017341040462428, "21": 0.9017341040462428, "22": 0.8872832369942196, "23": 0.8901734104046243, "24": 0.8930635838150289, "25": 0.8901734104046243, "26": 0.8872832369942196, "27": 0.8815028901734104, "28": 0.8815028901734104, "29": 0.884393063583815, "30": 0.8728323699421965, "31": 0.869942196531792, "32": 0.869942196531792, "33": 0.8670520231213873, "34": 0.8554913294797688, "35": 0.8583815028901735, "36": 0.8497109826589595, "37": 0.8526011560693642, "38": 0.8526011560693642, "39": 0.8526011560693642, "40": 0.846820809248555, "41": 0.8410404624277457, "42": 0.8439306358381503, "43": 0.838150289017341, "44": 0.838150289017341, "45": 0.8323699421965318, "46": 0.8352601156069365, "47": 0.8410404624277457, "48": 0.8410404624277457, "49": 0.838150289017341, "50": 0.8294797687861272, "51": 0.8294797687861272, "52": 0.8265895953757225, "53": 0.8236994219653179, "54": 0.8265895953757225, "55": 0.8294797687861272, "56": 0.8236994219653179, "57": 0.8236994219653179, "58": 0.815028901734104, "59": 0.8208092485549133, "60": 0.815028901734104, "61": 0.8121387283236994, "62": 0.8063583815028902, "63": 0.815028901734104, "64": 0.8063583815028902, "65": 0.8063583815028902, "66": 0.8034682080924855, "67": 0.8092485549132948, "68": 0.8034682080924855, "69": 0.8092485549132948, "70": 0.8063583815028902, "71": 0.8063583815028902, "72": 0.8034682080924855, "73": 0.8063583815028902, "74": 0.8005780346820809, "75": 0.8034682080924855, "76": 0.8034682080924855, "77": 0.8034682080924855, "78": 0.7976878612716763, "79": 0.7976878612716763, "80": 0.7861271676300579, "81": 0.7861271676300579, "82": 0.791907514450867, "83": 0.791907514450867, "84": 0.7976878612716763, "85": 0.7890173410404624, "86": 0.791907514450867, "87": 0.7947976878612717, "88": 0.791907514450867, "89": 0.7890173410404624, "90": 0.7832369942196532, "91": 0.7803468208092486, "92": 0.7803468208092486, "93": 0.7803468208092486, "94": 0.7803468208092486, "95": 0.7774566473988439, "96": 0.7774566473988439, "97": 0.7745664739884393, "98": 0.7774566473988439, "99": 0.7745664739884393, "100": 0.7716763005780347}