{"method": "euclidean_distance", "1": 0.7658959537572254, "2": 0.7427745664739884, "3": 0.884393063583815, "4": 0.869942196531792, "5": 0.930635838150289, "6": 0.9248554913294798, "7": 0.9393063583815029, "8": 0.9248554913294798, "9": 0.9132947976878613, "10": 0.9132947976878613, "11": 0.9161849710982659, "12": 0.9046242774566474, "13": 0.9190751445086706, "14": 0.9161849710982659, "15": 0.9017341040462428, "16": 0.9132947976878613, "17": 0.8930635838150289, "18": 0.8959537572254336, "19": 0.884393063583815, "20": 0.8988439306358381, "21": 0.8786127167630058, "22": 0.8901734104046243, "23": 0.8728323699421965, "24": 0.8728323699421965, "25": 0.8815028901734104, "26": 0.8728323699421965, "27": 0.8526011560693642, "28": 0.8526011560693642, "29": 0.8526011560693642, "30": 0.8439306358381503, "31": 0.846820809248555, "32": 0.8410404624277457, "33": 0.8294797687861272, "34": 0.8265895953757225, "35": 0.815028901734104, "36": 0.8121387283236994, "37": 0.8092485549132948, "38": 0.8092485549132948, "39": 0.8034682080924855, "40": 0.7976878612716763, "41": 0.791907514450867, "42": 0.791907514450867, "43": 0.791907514450867, "44": 0.791907514450867, "45": 0.791907514450867, "46": 0.791907514450867, "47": 0.791907514450867, "48": 0.791907514450867, "49": 0.791907514450867, "50": 0.7832369942196532, "51": 0.7861271676300579, "52": 0.7861271676300579, "53": 0.7832369942196532, "54": 0.7803468208092486, "55": 0.7803468208092486, "56": 0.7774566473988439, "57": 0.7745664739884393, "58": 0.7716763005780347, "59": 0.7745664739884393, "60": 0.7716763005780347, "61": 0.7716763005780347, "62": 0.7716763005780347, "63": 0.7716763005780347, "64": 0.7687861271676301, "65": 0.7716763005780347, "66": 0.7658959537572254, "67": 0.7658959537572254, "68": 0.7630057803468208, "69": 0.7630057803468208, "70": 0.7630057803468208, "71": 0.7630057803468208, "72": 0.7630057803468208, "73": 0.7630057803468208, "74": 0.7630057803468208, "75": 0.7601156069364162, "76": 0.7601156069364162, "77": 0.7601156069364162, "78": 0.7601156069364162, "79": 0.7630057803468208, "80": 0.7630057803468208, "81": 0.7630057803468208, "82": 0.7630057803468208, "83": 0.7630057803468208, "84": 0.7630057803468208, "85": 0.7630057803468208, "86": 0.7630057803468208, "87": 0.7630057803468208, "88": 0.7630057803468208, "89": 0.7630057803468208, "90": 0.7601156069364162, "91": 0.7601156069364162, "92": 0.7601156069364162, "93": 0.7601156069364162, "94": 0.7572254335260116, "95": 0.7572254335260116, "96": 0.7572254335260116, "97": 0.7601156069364162, "98": 0.7601156069364162, "99": 0.7572254335260116, "100": 0.7572254335260116}